[
  {
    "video_id": 5,
    "timestamp": "2023-01-25 22:51:23.000",
    "comment": "Maravilhoso!",
    "user_id": "diana"
  },
  {
    "video_id": 5,
    "timestamp": "2023-01-20 21:05:00.000",
    "comment": "Muito bem feito!",
    "user_id": "antonio"
  },
  {
    "video_id": 10,
    "timestamp": "2022-07-27 15:05:00.000",
    "comment": "Muito bem explicado.",
    "user_id": "pedro"
  },
  {
    "video_id": 13,
    "timestamp": "2023-02-11 22:15:00.000",
    "comment": "Vídeo muito interessante.",
    "user_id": "rita"
  },
  {
    "video_id": 11,
    "timestamp": "2022-11-19 19:45:00.000",
    "comment": "Vou recomendar este vídeo.",
    "user_id": "carlos"
  },
  {
    "video_id": 1,
    "timestamp": "2023-03-01 23:25:00.000",
    "comment": "Maravilhoso!",
    "user_id": "maria"
  },
  {
    "video_id": 1,
    "timestamp": "2023-02-12 09:03:14.245",
    "comment": "Muito Bom.",
    "user_id": "luis"
  },
  {
    "video_id": 1,
    "timestamp": "2022-01-26 09:03:14.245",
    "comment": "Perfeito",
    "user_id": "rita"
  },
  {
    "video_id": 1,
    "timestamp": "2022-01-25 15:35:00.000",
    "comment": "Adorei este vídeo!",
    "user_id": "diana"
  },
  {
    "video_id": 8,
    "timestamp": "2022-04-14 12:35:00.000",
    "comment": "Aprendi muito com este vídeo.",
    "user_id": "marta"
  },
  {
    "video_id": 2,
    "timestamp": "2022-08-28 16:15:00.000",
    "comment": "Adorei a explicação!",
    "user_id": "maria"
  },
  {
    "video_id": 4,
    "timestamp": "2022-12-30 20:55:00.000",
    "comment": "Gostei muito deste vídeo.",
    "user_id": "sara"
  },
  {
    "video_id": 15,
    "timestamp": "2022-10-29 18:35:00.000",
    "comment": "Obrigado por compartilhar.",
    "user_id": "isabel"
  },
  {
    "video_id": 7,
    "timestamp": "2022-06-16 14:55:00.000",
    "comment": "Este vídeo ajudou-me bastante.",
    "user_id": "ana"
  },
  {
    "video_id": 6,
    "timestamp": "2022-05-05 13:45:00.000",
    "comment": "Continuem com o bom trabalho!",
    "user_id": "luis"
  },
  {
    "video_id": 9,
    "timestamp": "2022-02-12 10:15:00.000",
    "comment": "Muito informativo, obrigado!",
    "user_id": "jose"
  },
  {
    "video_id": 14,
    "timestamp": "2023-03-01 23:25:00.000",
    "comment": "Vou assistir mais vezes.",
    "user_id": "manuel"
  },
  {
    "video_id": 14,
    "timestamp": "2023-02-12 09:03:14.245",
    "comment": "Muito Bom.",
    "user_id": "diana"
  },
  {
    "video_id": 12,
    "timestamp": "2022-09-18 17:25:00.000",
    "comment": "Vídeo muito útil.",
    "user_id": "joao"
  },
  {
    "video_id": 3,
    "timestamp": "2022-03-23 11:25:00.000",
    "comment": "Excelente conteúdo!",
    "user_id": "diogo"
  }
]