[
  {
    "tag": "tips",
    "nvideos": 1
  },
  {
    "tag": "city",
    "nvideos": 1
  },
  {
    "tag": "game",
    "nvideos": 1
  },
  {
    "tag": "pasta",
    "nvideos": 1
  },
  {
    "tag": "guide",
    "nvideos": 1
  },
  {
    "tag": "vlog",
    "nvideos": 1
  },
  {
    "tag": "lesson",
    "nvideos": 1
  },
  {
    "tag": "walk",
    "nvideos": 1
  },
  {
    "tag": "tutorial",
    "nvideos": 2
  },
  {
    "tag": "gardening",
    "nvideos": 1
  },
  {
    "tag": "Aveiro",
    "nvideos": 5
  },
  {
    "tag": "science",
    "nvideos": 1
  },
  {
    "tag": "session",
    "nvideos": 1
  },
  {
    "tag": "tour",
    "nvideos": 1
  },
  {
    "tag": "travel",
    "nvideos": 1
  },
  {
    "tag": "mountain",
    "nvideos": 1
  },
  {
    "tag": "nature",
    "nvideos": 2
  },
  {
    "tag": "workout",
    "nvideos": 1
  },
  {
    "tag": "coding",
    "nvideos": 1
  },
  {
    "tag": "hike",
    "nvideos": 1
  },
  {
    "tag": "yoga",
    "nvideos": 1
  },
  {
    "tag": "run",
    "nvideos": 1
  },
  {
    "tag": "photography",
    "nvideos": 1
  },
  {
    "tag": "fitness",
    "nvideos": 1
  },
  {
    "tag": "forest",
    "nvideos": 2
  },
  {
    "tag": "basketball",
    "nvideos": 1
  },
  {
    "tag": "art",
    "nvideos": 1
  },
  {
    "tag": "guitar",
    "nvideos": 1
  },
  {
    "tag": "day",
    "nvideos": 1
  },
  {
    "tag": "beach",
    "nvideos": 1
  },
  {
    "tag": "experiment",
    "nvideos": 1
  },
  {
    "tag": "cooking",
    "nvideos": 1
  }
]