[
  {
    "username": "diogo",
    "date": "2017-08-23 11:25:00.000",
    "email": "diogo@ua.pt",
    "name": "Diogo Falcão"
  },
  {
    "username": "marta",
    "date": "2018-09-14 12:35:00.000",
    "email": "marta@ua.pt",
    "name": "Marta Soares"
  },
  {
    "username": "antonio",
    "date": "2021-06-20 21:05:00.000",
    "email": "antonio@ua.pt",
    "name": "Antonio Martins"
  },
  {
    "username": "ana",
    "date": "2020-11-16 14:55:00.000",
    "email": "ana@ua.pt",
    "name": "Ana Silva"
  },
  {
    "username": "carlos",
    "date": "2015-04-19 19:45:00.000",
    "email": "carlos@ua.pt",
    "name": "Carlos Teixeira"
  },
  {
    "username": "maria",
    "date": "2022-01-28 16:15:00.000",
    "email": "maria@ua.pt",
    "name": "Maria Fernandes"
  },
  {
    "username": "rita",
    "date": "2020-07-11 22:15:00.000",
    "email": "rita@ua.pt",
    "name": "Rita Barros"
  },
  {
    "username": "pedro",
    "date": "2021-12-27 15:05:00.000",
    "email": "pedro@ua.pt",
    "name": "Pedro Costa"
  },
  {
    "username": "luis",
    "date": "2019-10-05 13:45:00.000",
    "email": "luis@ua.pt",
    "name": "Luis Santos"
  },
  {
    "username": "joao",
    "date": "2023-02-18 17:25:00.000",
    "email": "joao@ua.pt",
    "name": "João Pereira"
  },
  {
    "username": "jose",
    "date": "2016-07-12 10:15:00.000",
    "email": "jose@ua.pt",
    "name": "José Silve"
  },
  {
    "username": "diana",
    "date": "2015-05-25 15:35:00.000",
    "email": "diana@ua.pt",
    "name": "Diana Miranda"
  },
  {
    "username": "manuel",
    "date": "2020-08-01 23:25:00.000",
    "email": "manuel@ua.pt",
    "name": "Manuel Ribeiro"
  },
  {
    "username": "sara",
    "date": "2021-05-30 20:55:00.000",
    "email": "sara@ua.pt",
    "name": "Sara Almeida"
  },
  {
    "username": "isabel",
    "date": "2023-03-29 18:35:00.000",
    "email": "isabel@ua.pt",
    "name": "Isabel Rodrigues"
  }
]