[
  {
    "id": 5,
    "uploaddate": "2022-05-05 13:45:00.000",
    "author": "luis",
    "description": "Cooking a pasta dish",
    "name": "Cooking Pasta",
    "tags": ["cooking", "pasta"]
  },
  {
    "id": 10,
    "uploaddate": "2022-10-29 18:35:00.000",
    "author": "isabel",
    "description": "A local basketball game",
    "name": "Basketball Game",
    "tags": ["basketball", "game"]
  },
  {
    "id": 16,
    "uploaddate": "2022-01-10 10:00:00.000",
    "author": "diana",
    "description": "A relaxing Run through the forest",
    "name": "Nature Run",
    "tags": ["Aveiro", "forest", "nature", "run"]
  },
  {
    "id": 13,
    "uploaddate": "2023-01-20 21:05:00.000",
    "author": "antonio",
    "description": "A tutorial on coding",
    "name": "Coding Tutorial",
    "tags": ["coding", "tutorial"]
  },
  {
    "id": 11,
    "uploaddate": "2022-11-19 19:45:00.000",
    "author": "carlos",
    "description": "Tips for gardening",
    "name": "Gardening Tips",
    "tags": ["gardening", "tips"]
  },
  {
    "id": 1,
    "uploaddate": "2022-01-25 15:35:00.000",
    "author": "diana",
    "description": "A relaxing walk through the forest",
    "name": "Nature Walk",
    "tags": ["Aveiro", "forest", "nature", "walk"]
  },
  {
    "id": 8,
    "uploaddate": "2022-08-28 16:15:00.000",
    "author": "diana",
    "description": "A tutorial on drawing",
    "name": "Art Tutorial",
    "tags": ["art", "tutorial"]
  },
  {
    "id": 2,
    "uploaddate": "2022-02-12 10:15:00.000",
    "author": "jose",
    "description": "A tour of the city",
    "name": "City Tour",
    "tags": ["city", "tour"]
  },
  {
    "id": 4,
    "uploaddate": "2022-04-14 12:35:00.000",
    "author": "marta",
    "description": "A day at the beach",
    "name": "Beach Day",
    "tags": ["Aveiro", "beach", "day"]
  },
  {
    "id": 15,
    "uploaddate": "2023-03-01 23:25:00.000",
    "author": "manuel",
    "description": "A vlog of my travels",
    "name": "Travel Vlog",
    "tags": ["Aveiro", "travel", "vlog"]
  },
  {
    "id": 7,
    "uploaddate": "2022-07-27 15:05:00.000",
    "author": "pedro",
    "description": "A beginner guitar lesson",
    "name": "Guitar Lesson",
    "tags": ["guitar", "lesson"]
  },
  {
    "id": 6,
    "uploaddate": "2022-06-16 14:55:00.000",
    "author": "ana",
    "description": "A 30-minute yoga session",
    "name": "Yoga Session",
    "tags": ["session", "yoga"]
  },
  {
    "id": 9,
    "uploaddate": "2022-09-18 17:25:00.000",
    "author": "joao",
    "description": "A fun science experiment",
    "name": "Science Experiment",
    "tags": ["experiment", "science"]
  },
  {
    "id": 14,
    "uploaddate": "2023-02-11 22:15:00.000",
    "author": "rita",
    "description": "A 20-minute fitness workout",
    "name": "Fitness Workout",
    "tags": ["fitness", "workout"]
  },
  {
    "id": 12,
    "uploaddate": "2022-12-30 20:55:00.000",
    "author": "sara",
    "description": "A guide to photography",
    "name": "Photography Guide",
    "tags": ["Aveiro", "guide", "photography"]
  },
  {
    "id": 3,
    "uploaddate": "2022-03-23 11:25:00.000",
    "author": "diana",
    "description": "Hiking up the mountain",
    "name": "Mountain Hike",
    "tags": ["hike", "mountain"]
  }
]